age,job,marital,education,default,housing,loan,contact,month,day_of_week,duration,campaign,pdays,previous,poutcome,emp.var.rate,cons.price.idx,cons.conf.idx,euribor3m,nr.employed,y
37,blue-collar,married,basic.9y,no,unknown,unknown,telephone,may,tue,322,2,999,0,nonexistent,1.1,93.994,-36.4,4.857,5191.0,no
53,services,married,university.degree,no,no,no,cellular,may,fri,136,1,999,1,failure,-1.8,92.893,-46.2,1.25,5099.1,no
34,admin.,single,university.degree,no,no,yes,cellular,may,mon,14,5,999,0,nonexistent,-1.8,92.893,-46.2,1.299,5099.1,no
42,technician,divorced,high.school,unknown,yes,no,cellular,aug,thu,140,7,999,0,nonexistent,1.4,93.444,-36.1,4.963,5228.1,no
30,admin.,divorced,basic.6y,no,no,no,cellular,jul,wed,144,10,999,0,nonexistent,1.4,93.918,-42.7,4.963,5228.1,no
39,unemployed,married,basic.9y,no,yes,no,cellular,nov,mon,63,1,999,0,nonexistent,-0.1,93.2,-42.0,4.191,5195.8,no
33,admin.,single,university.degree,no,yes,no,cellular,aug,wed,134,1,999,0,nonexistent,1.4,93.444,-36.1,4.964,5228.1,no
37,blue-collar,married,basic.4y,unknown,no,no,telephone,jun,fri,124,2,999,0,nonexistent,1.4,94.465,-41.8,4.947,5228.1,no
31,technician,married,university.degree,no,no,no,cellular,sep,thu,261,1,999,0,nonexistent,-1.1,94.199,-37.5,0.878,4963.6,no
37,services,married,high.school,no,no,no,cellular,may,tue,378,3,999,0,nonexistent,-1.8,92.893,-46.2,1.344,5099.1,no
56,unemployed,divorced,basic.4y,no,no,no,cellular,mar,wed,577,1,999,0,nonexistent,-1.8,93.369,-34.8,0.634,5008.7,yes
54,services,married,basic.6y,no,yes,no,cellular,jul,thu,86,4,999,0,nonexistent,1.4,93.918,-42.7,4.968,5228.1,no
45,technician,single,professional.course,no,yes,no,telephone,jun,wed,83,1,999,0,nonexistent,1.4,94.465,-41.8,4.959,5228.1,no
28,services,married,high.school,no,yes,yes,cellular,jul,wed,177,1,999,0,nonexistent,1.4,93.918,-42.7,4.957,5228.1,no
36,technician,single,high.school,no,yes,no,cellular,may,thu,208,1,999,1,failure,-1.8,92.893,-46.2,1.327,5099.1,no
28,entrepreneur,single,professional.course,no,yes,no,cellular,may,mon,240,1,999,0,nonexistent,-1.8,92.893,-46.2,1.299,5099.1,no
35,technician,single,professional.course,no,no,yes,cellular,jul,thu,346,2,999,0,nonexistent,1.4,93.918,-42.7,4.962,5228.1,no
30,student,single,unknown,no,no,no,cellular,mar,thu,101,1,14,1,success,-1.8,93.369,-34.8,0.635,5008.7,yes
36,services,single,high.school,unknown,no,yes,cellular,apr,mon,76,5,999,0,nonexistent,-1.8,93.075,-47.1,1.405,5099.1,no
28,technician,divorced,professional.course,no,no,no,cellular,may,tue,240,1,999,1,failure,-1.8,92.893,-46.2,1.291,5099.1,no
41,blue-collar,married,basic.4y,no,yes,no,cellular,jul,fri,138,3,999,0,nonexistent,1.4,93.918,-42.7,4.957,5228.1,no
44,admin.,divorced,high.school,no,yes,no,cellular,jul,wed,269,17,999,0,nonexistent,1.4,93.918,-42.7,4.963,5228.1,no
36,services,married,high.school,no,no,no,cellular,may,thu,227,2,999,0,nonexistent,-1.8,92.893,-46.2,1.327,5099.1,no
46,services,married,high.school,no,yes,yes,cellular,jul,wed,149,10,999,0,nonexistent,1.4,93.918,-42.7,4.963,5228.1,no
25,admin.,single,university.degree,no,yes,yes,telephone,oct,thu,227,1,999,0,nonexistent,-3.4,92.431,-26.9,0.74,5017.5,no
44,housemaid,married,basic.4y,no,yes,no,cellular,aug,thu,164,1,999,0,nonexistent,1.4,93.444,-36.1,4.963,5228.1,no
51,blue-collar,married,basic.9y,unknown,yes,no,cellular,apr,mon,143,2,999,0,nonexistent,-1.8,93.075,-47.1,1.405,5099.1,no
41,unemployed,married,university.degree,unknown,no,no,telephone,may,mon,729,2,999,0,nonexistent,1.1,93.994,-36.4,4.857,5191.0,no
55,admin.,divorced,unknown,no,no,no,cellular,apr,fri,386,2,999,0,nonexistent,-1.8,93.075,-47.1,1.405,5099.1,no
59,technician,married,unknown,no,no,no,telephone,may,fri,464,2,999,0,nonexistent,1.1,93.994,-36.4,4.864,5191.0,no
43,management,married,university.degree,no,yes,no,cellular,jul,tue,347,4,999,0,nonexistent,1.4,93.918,-42.7,4.961,5228.1,no
36,admin.,married,university.degree,no,yes,no,telephone,jun,mon,80,3,999,0,nonexistent,1.4,94.465,-41.8,4.865,5228.1,no
29,blue-collar,single,basic.9y,no,yes,no,cellular,may,tue,396,1,999,1,failure,-1.8,92.893,-46.2,1.291,5099.1,no
56,blue-collar,married,unknown,unknown,yes,yes,cellular,jul,mon,210,1,999,0,nonexistent,1.4,93.918,-42.7,4.96,5228.1,no
40,admin.,single,university.degree,no,no,no,telephone,jun,mon,498,2,999,0,nonexistent,1.4,94.465,-41.8,4.958,5228.1,yes
28,blue-collar,single,basic.9y,no,no,no,cellular,jul,thu,72,3,999,0,nonexistent,1.4,93.918,-42.7,4.958,5228.1,no
35,admin.,single,university.degree,no,yes,no,cellular,aug,fri,299,4,999,0,nonexistent,1.4,93.444,-36.1,4.966,5228.1,no
34,admin.,married,high.school,no,yes,yes,cellular,may,tue,179,3,999,0,nonexistent,-1.8,92.893,-46.2,1.291,5099.1,no
59,retired,married,basic.4y,no,no,no,telephone,jul,thu,37,27,999,0,nonexistent,1.4,93.918,-42.7,4.968,5228.1,no
23,admin.,single,high.school,no,no,no,cellular,jun,mon,92,1,999,1,failure,-2.9,92.963,-40.8,1.26,5076.2,no
32,technician,married,university.degree,no,no,no,cellular,aug,thu,155,1,999,0,nonexistent,1.4,93.444,-36.1,4.968,5228.1,no
75,retired,married,basic.4y,no,yes,no,cellular,oct,wed,1020,3,999,3,failure,-1.1,94.601,-49.5,0.959,4963.6,no
37,admin.,single,university.degree,no,no,yes,cellular,may,mon,553,1,999,1,failure,-1.8,92.893,-46.2,1.299,5099.1,no
38,technician,married,professional.course,no,no,no,cellular,nov,wed,62,3,999,1,failure,-0.1,93.2,-42.0,4.12,5195.8,no
33,admin.,married,university.degree,no,yes,no,telephone,nov,wed,241,1,3,1,success,-3.4,92.649,-30.1,0.715,5017.5,yes
26,services,married,high.school,no,yes,no,cellular,may,fri,104,3,999,0,nonexistent,-1.8,92.893,-46.2,1.25,5099.1,no
39,management,married,university.degree,no,no,no,telephone,jun,mon,721,3,999,0,nonexistent,1.4,94.465,-41.8,4.96,5228.1,yes
56,retired,married,university.degree,no,no,no,cellular,nov,wed,232,1,3,1,success,-3.4,92.649,-30.1,0.716,5017.5,yes
32,technician,married,university.degree,no,yes,no,cellular,aug,thu,151,2,999,0,nonexistent,1.4,93.444,-36.1,4.962,5228.1,no
30,technician,single,university.degree,no,yes,yes,cellular,aug,thu,1288,3,999,0,nonexistent,1.4,93.444,-36.1,4.968,5228.1,yes
33,blue-collar,single,high.school,no,yes,no,cellular,mar,wed,140,10,999,0,nonexistent,-1.8,92.843,-50.0,1.602,5099.1,no
32,technician,single,professional.course,no,yes,no,cellular,jul,thu,128,1,999,0,nonexistent,1.4,93.918,-42.7,4.968,5228.1,no
42,blue-collar,married,basic.4y,no,no,no,cellular,jul,mon,378,1,999,0,nonexistent,1.4,93.918,-42.7,4.96,5228.1,no
46,blue-collar,single,basic.4y,no,no,no,telephone,may,thu,218,2,999,0,nonexistent,1.1,93.994,-36.4,4.86,5191.0,no
30,technician,single,university.degree,no,no,no,cellular,aug,wed,157,8,999,0,nonexistent,1.4,93.444,-36.1,4.964,5228.1,no
35,admin.,married,high.school,no,no,no,cellular,jul,wed,788,1,999,0,nonexistent,1.4,93.918,-42.7,4.963,5228.1,yes
37,entrepreneur,single,university.degree,no,yes,no,telephone,jun,mon,348,1,999,0,nonexistent,1.4,94.465,-41.8,4.96,5228.1,no
29,unemployed,single,basic.4y,no,no,yes,cellular,jun,wed,243,3,3,2,success,-2.9,92.963,-40.8,1.244,5076.2,yes
41,blue-collar,married,basic.4y,unknown,no,no,cellular,may,wed,296,1,999,1,failure,-1.8,92.893,-46.2,1.281,5099.1,no
39,blue-collar,married,basic.6y,no,yes,no,telephone,may,thu,269,3,999,0,nonexistent,1.1,93.994,-36.4,4.855,5191.0,no
52,admin.,divorced,university.degree,unknown,yes,yes,cellular,jul,tue,401,2,999,0,nonexistent,1.4,93.918,-42.7,4.962,5228.1,no
28,technician,single,high.school,no,yes,no,telephone,jul,tue,166,6,999,0,nonexistent,1.4,93.918,-42.7,4.961,5228.1,no
49,admin.,divorced,university.degree,no,no,no,telephone,jun,thu,487,1,999,0,nonexistent,1.4,94.465,-41.8,4.866,5228.1,no
36,admin.,single,university.degree,no,no,yes,cellular,aug,tue,35,2,999,0,nonexistent,1.4,93.444,-36.1,4.963,5228.1,no
54,technician,married,professional.course,no,yes,no,telephone,sep,mon,289,1,999,0,nonexistent,-3.4,92.379,-29.8,0.797,5017.5,no
48,technician,married,professional.course,no,yes,yes,cellular,oct,mon,450,1,8,1,success,-1.1,94.601,-49.5,0.977,4963.6,yes
25,admin.,single,university.degree,no,no,no,telephone,jun,mon,94,2,999,0,nonexistent,-2.9,92.963,-40.8,1.26,5076.2,no
64,retired,married,basic.4y,no,yes,no,cellular,apr,wed,104,1,999,2,failure,-1.8,93.075,-47.1,1.405,5099.1,yes
28,unemployed,single,university.degree,no,yes,no,cellular,may,mon,434,1,999,0,nonexistent,-1.8,92.893,-46.2,1.244,5099.1,no
40,management,married,university.degree,no,no,no,cellular,nov,fri,132,1,999,0,nonexistent,-0.1,93.2,-42.0,4.021,5195.8,no
49,blue-collar,married,basic.9y,no,yes,no,cellular,jul,thu,268,1,999,0,nonexistent,1.4,93.918,-42.7,4.963,5228.1,no
39,services,married,high.school,unknown,no,no,telephone,may,tue,326,2,999,0,nonexistent,1.1,93.994,-36.4,4.857,5191.0,no
45,technician,married,high.school,no,yes,no,cellular,apr,mon,116,2,999,1,failure,-1.8,93.075,-47.1,1.405,5099.1,no
62,admin.,married,university.degree,no,no,no,cellular,aug,thu,68,1,999,1,failure,-2.9,92.201,-31.4,0.851,5076.2,no
39,services,divorced,high.school,no,no,no,cellular,jul,thu,151,2,999,0,nonexistent,1.4,93.918,-42.7,4.962,5228.1,no
43,management,married,university.degree,no,no,no,cellular,aug,tue,175,3,999,0,nonexistent,1.4,93.444,-36.1,4.965,5228.1,no
57,entrepreneur,divorced,basic.9y,no,yes,no,cellular,may,wed,236,1,999,0,nonexistent,-1.8,92.893,-46.2,1.334,5099.1,no
44,blue-collar,married,professional.course,unknown,no,no,cellular,nov,tue,214,2,999,0,nonexistent,-0.1,93.2,-42.0,4.153,5195.8,no
59,retired,divorced,basic.4y,no,no,no,telephone,may,tue,167,3,999,0,nonexistent,1.1,93.994,-36.4,4.857,5191.0,no
51,blue-collar,married,basic.4y,unknown,yes,no,telephone,jul,wed,139,1,999,0,nonexistent,1.4,93.918,-42.7,4.962,5228.1,no
58,blue-collar,married,high.school,no,yes,no,telephone,jun,tue,183,2,999,0,nonexistent,1.4,94.465,-41.8,4.864,5228.1,no
47,technician,married,professional.course,no,yes,no,cellular,aug,thu,117,1,999,0,nonexistent,1.4,93.444,-36.1,4.968,5228.1,no
44,admin.,married,high.school,no,no,no,cellular,may,fri,127,1,999,1,failure,-1.8,92.893,-46.2,1.313,5099.1,no
46,blue-collar,married,basic.9y,no,yes,no,cellular,aug,mon,378,3,999,0,nonexistent,1.4,93.444,-36.1,4.965,5228.1,no
57,housemaid,married,basic.4y,no,yes,no,cellular,nov,fri,105,1,999,0,nonexistent,-0.1,93.2,-42.0,4.021,5195.8,no
43,blue-collar,married,basic.4y,unknown,no,no,cellular,may,fri,518,3,999,0,nonexistent,-1.8,92.893,-46.2,1.313,5099.1,no
47,technician,married,unknown,unknown,yes,no,cellular,nov,fri,57,2,999,1,failure,-0.1,93.2,-42.0,4.021,5195.8,no
39,technician,married,professional.course,no,yes,no,cellular,may,thu,1254,3,999,1,failure,-1.8,92.893,-46.2,1.327,5099.1,no
31,admin.,single,university.degree,no,yes,no,cellular,nov,fri,54,2,999,0,nonexistent,-0.1,93.2,-42.0,4.021,5195.8,no
47,technician,married,professional.course,no,no,no,cellular,jul,mon,66,2,999,0,nonexistent,1.4,93.918,-42.7,4.96,5228.1,no
34,management,married,basic.4y,no,yes,no,cellular,may,thu,60,4,999,0,nonexistent,-1.8,92.893,-46.2,1.327,5099.1,no
25,student,single,unknown,no,no,no,cellular,jul,tue,170,1,999,0,nonexistent,-2.9,92.469,-33.6,1.044,5076.2,no
37,management,married,university.degree,no,yes,no,cellular,aug,wed,54,1,999,0,nonexistent,1.4,93.444,-36.1,4.967,5228.1,no
37,technician,single,professional.course,no,yes,no,cellular,apr,mon,20,4,999,0,nonexistent,-1.8,93.075,-47.1,1.405,5099.1,no
43,admin.,married,university.degree,no,no,no,telephone,may,tue,350,4,999,0,nonexistent,1.1,93.994,-36.4,4.856,5191.0,no
31,services,married,high.school,no,no,no,telephone,may,thu,253,2,999,0,nonexistent,1.1,93.994,-36.4,4.86,5191.0,no
41,technician,single,professional.course,no,yes,no,cellular,aug,tue,239,1,999,0,nonexistent,1.4,93.444,-36.1,4.965,5228.1,no
33,housemaid,married,basic.4y,no,no,no,telephone,may,tue,213,1,999,0,nonexistent,1.1,93.994,-36.4,4.856,5191.0,no
55,technician,married,university.degree,no,no,no,telephone,may,mon,349,1,999,0,nonexistent,1.1,93.994,-36.4,4.857,5191.0,no
27,blue-collar,unknown,high.school,no,no,no,cellular,aug,fri,192,1,4,1,success,-2.9,92.201,-31.4,0.881,5076.2,yes
34,admin.,single,basic.9y,unknown,yes,no,telephone,jun,thu,319,6,999,0,nonexistent,1.4,94.465,-41.8,4.866,5228.1,no
41,management,married,basic.6y,no,no,no,telephone,may,mon,200,1,999,0,nonexistent,1.1,93.994,-36.4,4.857,5191.0,no
41,technician,divorced,professional.course,no,no,no,cellular,apr,thu,774,2,999,1,failure,-1.8,93.075,-47.1,1.365,5099.1,yes
32,management,single,university.degree,no,no,no,cellular,jul,thu,654,1,999,0,nonexistent,1.4,93.918,-42.7,4.958,5228.1,no
52,admin.,divorced,university.degree,unknown,yes,yes,cellular,jul,tue,201,9,999,0,nonexistent,1.4,93.918,-42.7,4.962,5228.1,no
24,blue-collar,married,basic.9y,no,yes,no,telephone,may,mon,194,2,999,0,nonexistent,1.1,93.994,-36.4,4.858,5191.0,no
47,admin.,married,basic.9y,no,yes,no,telephone,jun,wed,96,3,999,0,nonexistent,1.4,94.465,-41.8,4.962,5228.1,no
52,entrepreneur,single,university.degree,unknown,yes,no,cellular,nov,mon,472,2,999,0,nonexistent,-0.1,93.2,-42.0,4.191,5195.8,no
76,retired,married,university.degree,no,yes,no,cellular,sep,fri,336,1,999,1,failure,-3.4,92.379,-29.8,0.773,5017.5,no
44,admin.,single,university.degree,no,no,no,cellular,apr,fri,815,2,999,0,nonexistent,-1.8,93.075,-47.1,1.405,5099.1,no
34,admin.,married,university.degree,no,yes,yes,cellular,may,mon,582,1,999,0,nonexistent,-1.8,92.893,-46.2,1.264,5099.1,no
30,admin.,single,university.degree,no,yes,no,cellular,aug,fri,217,4,999,0,nonexistent,1.4,93.444,-36.1,4.964,5228.1,no
37,technician,married,university.degree,no,no,no,cellular,nov,mon,119,1,999,3,failure,-1.1,94.767,-50.8,1.05,4963.6,no
36,management,single,university.degree,no,no,no,telephone,mar,wed,834,1,999,0,nonexistent,-1.8,93.369,-34.8,0.655,5008.7,yes
38,admin.,married,high.school,no,unknown,unknown,telephone,may,tue,145,2,999,0,nonexistent,1.1,93.994,-36.4,4.857,5191.0,no
38,admin.,married,university.degree,no,unknown,unknown,cellular,may,wed,118,1,999,0,nonexistent,-1.8,92.893,-46.2,1.334,5099.1,no
56,blue-collar,married,basic.9y,no,yes,no,cellular,nov,fri,757,2,999,0,nonexistent,-0.1,93.2,-42.0,4.021,5195.8,no
31,admin.,single,university.degree,no,no,no,cellular,aug,thu,419,3,999,0,nonexistent,1.4,93.444,-36.1,4.963,5228.1,no
58,admin.,married,university.degree,no,no,no,cellular,nov,fri,70,1,999,1,failure,-0.1,93.2,-42.0,4.021,5195.8,no
30,management,single,university.degree,no,no,yes,telephone,may,wed,691,5,999,0,nonexistent,1.1,93.994,-36.4,4.857,5191.0,yes
53,blue-collar,single,unknown,no,yes,no,cellular,may,wed,320,4,999,0,nonexistent,-1.8,92.893,-46.2,1.281,5099.1,no
40,blue-collar,single,basic.9y,no,yes,yes,telephone,may,wed,325,4,999,0,nonexistent,-1.8,92.893,-46.2,1.281,5099.1,no
35,blue-collar,single,unknown,no,yes,no,telephone,may,wed,125,1,999,0,nonexistent,1.1,93.994,-36.4,4.856,5191.0,no
30,blue-collar,single,basic.9y,unknown,no,no,telephone,jun,fri,10,8,999,0,nonexistent,1.4,94.465,-41.8,4.959,5228.1,no
45,management,married,unknown,unknown,no,yes,telephone,jun,mon,73,1,999,0,nonexistent,1.4,94.465,-41.8,4.96,5228.1,no
44,housemaid,married,basic.9y,no,no,no,telephone,may,fri,98,1,999,0,nonexistent,1.1,93.994,-36.4,4.859,5191.0,no
49,admin.,married,university.degree,no,no,no,cellular,jul,fri,44,2,999,0,nonexistent,1.4,93.918,-42.7,4.962,5228.1,no
40,blue-collar,married,basic.6y,unknown,yes,yes,telephone,may,fri,13,5,999,0,nonexistent,1.1,93.994,-36.4,4.857,5191.0,no
31,admin.,married,high.school,no,no,no,cellular,jun,wed,161,1,2,1,success,-2.9,92.963,-40.8,1.26,5076.2,no
34,management,married,university.degree,no,yes,no,telephone,jun,tue,150,2,999,0,nonexistent,1.4,94.465,-41.8,4.961,5228.1,no
39,services,married,unknown,unknown,yes,yes,cellular,jul,wed,1201,6,999,0,nonexistent,1.4,93.918,-42.7,4.963,5228.1,yes
57,admin.,married,university.degree,unknown,yes,no,cellular,aug,thu,74,1,999,0,nonexistent,1.4,93.444,-36.1,4.968,5228.1,no
24,services,single,high.school,no,no,no,telephone,jun,fri,12,8,999,0,nonexistent,1.4,94.465,-41.8,4.959,5228.1,no
58,self-employed,married,university.degree,no,yes,no,cellular,aug,fri,173,3,999,0,nonexistent,1.4,93.444,-36.1,4.966,5228.1,no
40,management,married,university.degree,no,yes,no,telephone,may,wed,295,2,999,0,nonexistent,1.1,93.994,-36.4,4.856,5191.0,no
37,management,married,university.degree,no,no,no,telephone,may,wed,83,2,999,0,nonexistent,1.1,93.994,-36.4,4.857,5191.0,no
50,technician,married,high.school,no,no,no,telephone,may,wed,224,5,999,0,nonexistent,1.1,93.994,-36.4,4.856,5191.0,no
52,housemaid,married,basic.6y,no,yes,no,cellular,aug,tue,1134,1,999,0,nonexistent,1.4,93.444,-36.1,4.966,5228.1,yes
65,retired,married,university.degree,no,no,no,cellular,apr,wed,124,2,999,0,nonexistent,-1.8,93.075,-47.1,1.405,5099.1,yes
47,housemaid,married,basic.4y,unknown,no,no,cellular,jul,tue,637,2,999,0,nonexistent,1.4,93.918,-42.7,4.961,5228.1,no
38,blue-collar,married,basic.6y,unknown,no,no,telephone,may,mon,523,2,999,0,nonexistent,1.1,93.994,-36.4,4.857,5191.0,no
58,retired,married,high.school,unknown,no,no,cellular,may,tue,127,1,999,1,failure,-1.8,92.893,-46.2,1.344,5099.1,no
33,blue-collar,married,basic.4y,unknown,no,no,telephone,may,tue,210,1,999,0,nonexistent,1.1,93.994,-36.4,4.856,5191.0,no
51,admin.,divorced,university.degree,no,no,no,cellular,jul,mon,470,2,999,0,nonexistent,1.4,93.918,-42.7,4.962,5228.1,no
40,management,married,university.degree,no,yes,no,cellular,apr,mon,96,2,999,1,failure,-1.8,93.075,-47.1,1.405,5099.1,no
56,blue-collar,married,basic.9y,no,yes,no,cellular,aug,thu,89,2,999,0,nonexistent,1.4,93.444,-36.1,4.968,5228.1,no
25,blue-collar,single,professional.course,no,yes,no,cellular,jun,tue,179,2,3,1,success,-2.9,92.963,-40.8,1.262,5076.2,yes
60,blue-collar,married,basic.9y,unknown,yes,no,telephone,jun,thu,80,3,999,0,nonexistent,1.4,94.465,-41.8,4.961,5228.1,no
38,blue-collar,married,basic.9y,unknown,no,no,cellular,jul,tue,171,2,999,0,nonexistent,1.4,93.918,-42.7,4.962,5228.1,no
31,technician,single,professional.course,no,no,no,cellular,aug,fri,109,1,999,0,nonexistent,1.4,93.444,-36.1,4.964,5228.1,no
57,blue-collar,married,high.school,unknown,yes,no,cellular,jul,fri,572,1,999,0,nonexistent,1.4,93.918,-42.7,4.957,5228.1,yes
32,admin.,married,university.degree,no,yes,no,cellular,apr,thu,361,1,999,1,failure,-1.8,93.075,-47.1,1.41,5099.1,no
25,student,single,university.degree,no,no,no,cellular,aug,thu,184,1,999,0,nonexistent,-2.9,92.201,-31.4,0.851,5076.2,yes
29,admin.,married,university.degree,no,no,yes,cellular,jun,tue,347,3,5,1,success,-1.7,94.055,-39.8,0.702,4991.6,yes
42,admin.,married,university.degree,no,yes,no,cellular,jul,mon,46,1,999,0,nonexistent,1.4,93.918,-42.7,4.96,5228.1,no
36,services,married,high.school,no,yes,yes,telephone,jun,thu,77,6,999,0,nonexistent,1.4,94.465,-41.8,4.958,5228.1,no
24,self-employed,single,unknown,no,no,yes,cellular,jul,thu,342,2,999,0,nonexistent,-2.9,92.469,-33.6,1.072,5076.2,yes
54,services,married,unknown,no,no,no,telephone,may,tue,192,1,999,0,nonexistent,1.1,93.994,-36.4,4.856,5191.0,no
29,admin.,married,university.degree,no,yes,no,cellular,dec,mon,116,2,999,1,failure,-3.0,92.713,-33.0,0.709,5023.5,no
40,blue-collar,married,basic.9y,unknown,yes,yes,cellular,may,wed,777,2,999,0,nonexistent,-1.8,92.893,-46.2,1.281,5099.1,no
27,technician,married,professional.course,no,yes,yes,cellular,jul,mon,324,2,999,0,nonexistent,1.4,93.918,-42.7,4.962,5228.1,no
38,management,married,university.degree,no,yes,no,cellular,may,wed,172,3,999,0,nonexistent,-1.8,92.893,-46.2,1.281,5099.1,no
46,housemaid,married,high.school,no,yes,no,telephone,aug,mon,130,1,999,0,nonexistent,1.4,93.444,-36.1,4.97,5228.1,no
55,management,married,university.degree,no,no,yes,cellular,jul,wed,260,2,3,1,success,-2.9,92.469,-33.6,1.085,5076.2,yes
36,admin.,divorced,high.school,no,no,yes,cellular,aug,fri,263,1,999,0,nonexistent,1.4,93.444,-36.1,4.964,5228.1,no
32,housemaid,single,university.degree,unknown,yes,no,cellular,jul,tue,71,4,999,0,nonexistent,1.4,93.918,-42.7,4.961,5228.1,no
28,student,single,basic.9y,no,yes,no,cellular,aug,wed,178,1,0,1,success,-1.7,94.027,-38.3,0.9,4991.6,yes
58,housemaid,married,basic.4y,no,no,no,telephone,may,wed,689,2,999,0,nonexistent,-1.8,92.893,-46.2,1.281,5099.1,yes
33,blue-collar,divorced,basic.9y,unknown,no,no,telephone,jul,wed,155,2,999,0,nonexistent,1.4,93.918,-42.7,4.957,5228.1,no
29,admin.,single,university.degree,no,no,no,cellular,oct,mon,123,2,12,2,failure,-1.1,94.601,-49.5,0.977,4963.6,no
30,entrepreneur,single,university.degree,no,yes,no,cellular,nov,wed,489,3,999,0,nonexistent,-0.1,93.2,-42.0,4.12,5195.8,yes
30,services,single,basic.9y,no,yes,no,cellular,jul,wed,22,3,999,0,nonexistent,1.4,93.918,-42.7,4.963,5228.1,no
39,services,single,high.school,no,yes,no,telephone,jun,wed,205,3,999,0,nonexistent,1.4,94.465,-41.8,4.962,5228.1,no
47,services,married,high.school,no,no,no,cellular,aug,mon,157,1,999,0,nonexistent,1.4,93.444,-36.1,4.97,5228.1,no
39,blue-collar,married,basic.9y,unknown,yes,no,telephone,jul,wed,306,2,999,0,nonexistent,1.4,93.918,-42.7,4.956,5228.1,no
38,services,married,high.school,unknown,no,no,telephone,may,fri,293,6,999,0,nonexistent,1.1,93.994,-36.4,4.864,5191.0,no
39,services,married,basic.6y,unknown,yes,no,telephone,jun,wed,100,1,999,0,nonexistent,1.4,94.465,-41.8,4.958,5228.1,no
21,student,single,high.school,unknown,yes,no,cellular,may,thu,142,3,999,1,failure,-1.8,92.893,-46.2,1.266,5099.1,no
42,blue-collar,married,basic.9y,unknown,no,no,telephone,jun,wed,141,6,999,0,nonexistent,1.4,94.465,-41.8,4.864,5228.1,no
29,management,single,university.degree,no,no,no,cellular,nov,tue,232,1,999,1,failure,-0.1,93.2,-42.0,4.153,5195.8,no
44,entrepreneur,married,high.school,no,no,no,cellular,aug,wed,70,1,999,0,nonexistent,1.4,93.444,-36.1,4.964,5228.1,no
31,technician,divorced,professional.course,no,no,no,cellular,aug,mon,231,5,999,0,nonexistent,1.4,93.444,-36.1,4.965,5228.1,no
29,technician,single,university.degree,no,no,no,cellular,aug,wed,210,1,999,0,nonexistent,1.4,93.444,-36.1,4.964,5228.1,no
19,student,single,high.school,unknown,no,yes,cellular,may,tue,106,4,999,0,nonexistent,-1.8,92.893,-46.2,1.344,5099.1,no
34,blue-collar,married,basic.4y,unknown,yes,no,cellular,apr,thu,249,2,999,0,nonexistent,-1.8,93.075,-47.1,1.41,5099.1,no
36,blue-collar,married,basic.9y,no,yes,no,cellular,may,wed,180,2,999,2,failure,-1.8,92.893,-46.2,1.281,5099.1,no
52,admin.,married,high.school,no,yes,yes,cellular,aug,wed,352,1,999,0,nonexistent,1.4,93.444,-36.1,4.964,5228.1,no
46,entrepreneur,married,professional.course,no,yes,no,telephone,jun,thu,410,1,999,0,nonexistent,1.4,94.465,-41.8,4.958,5228.1,no
32,blue-collar,single,basic.6y,no,yes,no,telephone,may,mon,130,2,999,0,nonexistent,1.1,93.994,-36.4,4.858,5191.0,no
35,services,married,basic.9y,no,no,yes,cellular,jul,wed,204,2,999,0,nonexistent,1.4,93.918,-42.7,4.957,5228.1,no
40,admin.,divorced,high.school,no,yes,no,telephone,sep,fri,101,1,999,0,nonexistent,-3.4,92.379,-29.8,0.803,5017.5,no
37,blue-collar,single,basic.4y,no,yes,yes,cellular,jul,wed,156,1,999,0,nonexistent,1.4,93.918,-42.7,4.962,5228.1,no
42,technician,married,professional.course,unknown,yes,no,cellular,jul,mon,77,3,999,0,nonexistent,1.4,93.918,-42.7,4.962,5228.1,no
51,technician,married,professional.course,no,yes,no,cellular,nov,thu,123,1,999,0,nonexistent,-0.1,93.2,-42.0,4.076,5195.8,no
45,admin.,single,university.degree,no,no,yes,telephone,may,tue,766,1,999,0,nonexistent,1.1,93.994,-36.4,4.856,5191.0,no
46,technician,married,professional.course,unknown,yes,no,cellular,aug,thu,721,5,999,0,nonexistent,1.4,93.444,-36.1,4.968,5228.1,no
39,technician,single,professional.course,no,yes,no,cellular,apr,wed,226,2,999,0,nonexistent,-1.8,93.075,-47.1,1.415,5099.1,no
43,management,married,university.degree,no,no,no,telephone,jun,fri,13,5,999,0,nonexistent,1.4,94.465,-41.8,4.959,5228.1,no
34,blue-collar,married,basic.9y,no,no,no,telephone,may,thu,76,4,999,0,nonexistent,1.1,93.994,-36.4,4.86,5191.0,no
30,services,single,high.school,no,no,no,cellular,jul,thu,421,1,999,0,nonexistent,1.4,93.918,-42.7,4.963,5228.1,no
38,blue-collar,married,basic.6y,no,yes,no,telephone,may,mon,221,2,999,0,nonexistent,1.1,93.994,-36.4,4.858,5191.0,no
51,admin.,married,university.degree,no,yes,no,cellular,nov,tue,275,2,999,0,nonexistent,-0.1,93.2,-42.0,4.153,5195.8,no
38,services,married,high.school,no,yes,no,telephone,may,tue,106,2,999,0,nonexistent,1.1,93.994,-36.4,4.857,5191.0,no
29,self-employed,married,professional.course,no,no,no,telephone,jun,wed,632,1,999,0,nonexistent,1.4,94.465,-41.8,4.962,5228.1,no
34,admin.,married,university.degree,no,no,no,telephone,jun,mon,146,3,999,0,nonexistent,1.4,94.465,-41.8,4.96,5228.1,no
33,self-employed,single,basic.4y,no,no,no,cellular,nov,wed,174,1,999,1,failure,-0.1,93.2,-42.0,4.12,5195.8,no
38,admin.,married,high.school,no,yes,no,telephone,jun,fri,447,2,999,0,nonexistent,1.4,94.465,-41.8,4.959,5228.1,no
41,admin.,married,university.degree,no,no,no,cellular,nov,wed,392,1,999,1,failure,-0.1,93.2,-42.0,4.12,5195.8,no
28,blue-collar,married,basic.6y,unknown,yes,no,telephone,jul,fri,330,2,999,0,nonexistent,1.4,93.918,-42.7,4.963,5228.1,no
53,blue-collar,married,high.school,unknown,yes,no,cellular,apr,mon,354,1,999,0,nonexistent,-1.8,93.075,-47.1,1.405,5099.1,no
26,blue-collar,married,basic.9y,unknown,no,no,cellular,jul,tue,250,2,999,0,nonexistent,1.4,93.918,-42.7,4.962,5228.1,no
47,blue-collar,married,professional.course,unknown,yes,no,telephone,may,tue,15,11,999,0,nonexistent,1.1,93.994,-36.4,4.856,5191.0,no
32,blue-collar,married,basic.9y,unknown,yes,no,telephone,may,wed,162,1,999,0,nonexistent,1.1,93.994,-36.4,4.858,5191.0,no
39,admin.,married,university.degree,no,no,no,cellular,jun,mon,208,1,999,0,nonexistent,-2.9,92.963,-40.8,1.215,5076.2,no
45,admin.,married,high.school,no,no,no,telephone,jul,thu,172,10,999,0,nonexistent,1.4,93.918,-42.7,4.966,5228.1,no
45,technician,married,professional.course,no,yes,no,telephone,may,tue,350,4,999,0,nonexistent,1.1,93.994,-36.4,4.857,5191.0,no
61,retired,married,high.school,no,no,no,telephone,oct,tue,515,1,999,0,nonexistent,-3.4,92.431,-26.9,0.728,5017.5,no
41,services,married,basic.9y,no,yes,no,telephone,jun,thu,385,1,999,0,nonexistent,1.4,94.465,-41.8,4.958,5228.1,no
38,technician,married,professional.course,no,no,no,cellular,jul,thu,561,2,999,0,nonexistent,-1.7,94.215,-40.3,0.846,4991.6,no
40,technician,married,professional.course,no,yes,no,telephone,nov,tue,33,4,999,0,nonexistent,-0.1,93.2,-42.0,4.153,5195.8,no
47,blue-collar,married,basic.4y,no,yes,no,telephone,may,tue,133,12,999,0,nonexistent,1.1,93.994,-36.4,4.856,5191.0,no
45,technician,single,professional.course,unknown,yes,yes,telephone,jun,thu,116,1,999,0,nonexistent,1.4,94.465,-41.8,4.955,5228.1,no
55,entrepreneur,single,unknown,unknown,no,no,telephone,jul,wed,542,1,999,0,nonexistent,1.4,93.918,-42.7,4.963,5228.1,yes
38,blue-collar,married,basic.4y,unknown,no,no,telephone,jun,wed,95,2,999,0,nonexistent,1.4,94.465,-41.8,4.959,5228.1,no
43,admin.,married,university.degree,no,yes,yes,cellular,jul,wed,73,1,999,0,nonexistent,1.4,93.918,-42.7,4.963,5228.1,no
36,services,married,high.school,no,no,no,telephone,may,tue,168,2,999,0,nonexistent,1.1,93.994,-36.4,4.856,5191.0,no
30,blue-collar,married,basic.9y,no,yes,no,cellular,nov,wed,175,1,999,1,failure,-0.1,93.2,-42.0,4.12,5195.8,no
43,entrepreneur,married,basic.9y,unknown,yes,no,telephone,may,fri,536,2,999,0,nonexistent,1.1,93.994,-36.4,4.857,5191.0,no
41,blue-collar,divorced,basic.9y,no,no,no,cellular,aug,tue,102,1,999,0,nonexistent,1.4,93.444,-36.1,4.963,5228.1,no
33,blue-collar,single,basic.4y,no,no,no,cellular,may,tue,209,1,999,0,nonexistent,-1.8,92.893,-46.2,1.291,5099.1,no
51,self-employed,married,university.degree,no,yes,no,cellular,nov,thu,101,2,999,0,nonexistent,-0.1,93.2,-42.0,4.076,5195.8,no
31,management,divorced,basic.6y,no,no,no,telephone,may,wed,198,3,999,0,nonexistent,1.1,93.994,-36.4,4.857,5191.0,no
31,technician,single,high.school,no,no,no,cellular,aug,wed,71,1,999,0,nonexistent,1.4,93.444,-36.1,4.967,5228.1,no
45,entrepreneur,divorced,university.degree,no,no,no,telephone,may,fri,462,4,999,0,nonexistent,-1.8,92.893,-46.2,1.25,5099.1,yes
42,technician,single,professional.course,no,yes,no,cellular,may,wed,367,2,999,0,nonexistent,-1.8,92.893,-46.2,1.281,5099.1,no
33,entrepreneur,married,university.degree,no,no,yes,telephone,jun,thu,166,2,999,0,nonexistent,1.4,94.465,-41.8,4.958,5228.1,no
50,self-employed,married,basic.4y,unknown,yes,no,cellular,aug,mon,311,1,999,0,nonexistent,1.4,93.444,-36.1,4.97,5228.1,no
33,admin.,single,professional.course,no,no,no,telephone,jun,thu,104,1,999,0,nonexistent,1.4,94.465,-41.8,4.866,5228.1,no
39,blue-collar,divorced,basic.9y,no,no,no,telephone,may,fri,106,3,999,0,nonexistent,1.1,93.994,-36.4,4.857,5191.0,no
30,blue-collar,single,basic.9y,no,yes,no,telephone,jul,thu,17,3,999,0,nonexistent,1.4,93.918,-42.7,4.958,5228.1,no
33,admin.,married,university.degree,no,no,no,telephone,jun,tue,133,3,999,0,nonexistent,1.4,94.465,-41.8,4.864,5228.1,no
48,blue-collar,married,high.school,no,no,no,telephone,may,wed,144,1,999,0,nonexistent,1.1,93.994,-36.4,4.856,5191.0,no
44,services,married,high.school,no,yes,no,cellular,may,mon,144,3,999,0,nonexistent,-1.8,92.893,-46.2,1.244,5099.1,no
74,retired,married,unknown,no,no,yes,cellular,mar,fri,607,2,999,0,nonexistent,-1.8,93.369,-34.8,0.653,5008.7,yes
44,entrepreneur,single,professional.course,no,no,no,cellular,may,mon,74,1,999,0,nonexistent,-1.8,92.893,-46.2,1.354,5099.1,no
48,management,married,university.degree,no,yes,yes,cellular,oct,wed,157,2,999,0,nonexistent,-3.4,92.431,-26.9,0.74,5017.5,no
48,admin.,married,professional.course,unknown,yes,no,telephone,may,fri,211,2,999,0,nonexistent,1.1,93.994,-36.4,4.855,5191.0,no
50,technician,married,high.school,no,yes,no,telephone,may,thu,756,1,999,0,nonexistent,1.1,93.994,-36.4,4.855,5191.0,yes
33,technician,single,professional.course,no,no,no,cellular,aug,thu,14,1,999,0,nonexistent,1.4,93.444,-36.1,4.968,5228.1,no
20,student,single,high.school,no,yes,no,cellular,apr,thu,195,2,999,0,nonexistent,-1.8,93.075,-47.1,1.365,5099.1,no
54,admin.,divorced,university.degree,no,yes,no,cellular,oct,wed,164,2,6,2,success,-3.4,92.431,-26.9,0.735,5017.5,no
49,admin.,married,university.degree,no,no,no,cellular,aug,wed,64,1,999,0,nonexistent,1.4,93.444,-36.1,4.964,5228.1,no
35,technician,single,university.degree,no,no,yes,cellular,aug,wed,174,1,999,0,nonexistent,1.4,93.444,-36.1,4.964,5228.1,no
45,services,married,high.school,unknown,yes,no,telephone,may,wed,171,6,999,0,nonexistent,1.1,93.994,-36.4,4.857,5191.0,no
54,blue-collar,married,basic.4y,no,no,yes,cellular,may,fri,139,2,999,0,nonexistent,-1.8,92.893,-46.2,1.25,5099.1,no
29,admin.,married,university.degree,no,yes,no,cellular,may,thu,133,1,999,1,failure,-1.8,92.893,-46.2,1.266,5099.1,no
23,blue-collar,single,basic.9y,no,yes,no,cellular,may,tue,119,1,999,1,failure,-1.8,92.893,-46.2,1.291,5099.1,no
38,technician,divorced,professional.course,no,yes,no,telephone,may,thu,287,4,999,0,nonexistent,1.1,93.994,-36.4,4.855,5191.0,no
34,management,married,university.degree,no,yes,no,telephone,may,fri,197,4,999,0,nonexistent,1.1,93.994,-36.4,4.855,5191.0,no
41,management,single,basic.9y,no,no,no,cellular,may,tue,381,1,999,1,failure,-1.8,92.893,-46.2,1.344,5099.1,no
47,unknown,married,unknown,no,no,yes,cellular,aug,wed,111,5,999,0,nonexistent,1.4,93.444,-36.1,4.964,5228.1,no
33,management,married,university.degree,no,no,yes,telephone,jun,fri,42,7,999,0,nonexistent,1.4,94.465,-41.8,4.959,5228.1,no
64,retired,married,university.degree,no,no,no,cellular,aug,fri,102,1,999,1,failure,-2.9,92.201,-31.4,0.849,5076.2,no
27,technician,married,high.school,no,no,no,telephone,may,wed,201,1,999,0,nonexistent,1.1,93.994,-36.4,4.857,5191.0,no
49,blue-collar,married,basic.4y,no,yes,no,telephone,jun,mon,117,3,999,0,nonexistent,1.4,94.465,-41.8,4.947,5228.1,no
23,student,single,high.school,no,no,no,telephone,jun,tue,108,4,999,0,nonexistent,-2.9,92.963,-40.8,1.262,5076.2,no
31,admin.,married,university.degree,no,yes,no,telephone,nov,mon,44,1,999,0,nonexistent,-0.1,93.2,-42.0,4.733,5195.8,no
32,management,married,basic.6y,no,no,no,telephone,may,wed,150,1,999,0,nonexistent,1.1,93.994,-36.4,4.856,5191.0,no
25,services,married,high.school,no,yes,no,cellular,jul,tue,140,1,999,0,nonexistent,1.4,93.918,-42.7,4.962,5228.1,no
38,admin.,single,high.school,no,yes,no,cellular,may,tue,100,4,999,0,nonexistent,-1.8,92.893,-46.2,1.291,5099.1,no
46,services,married,high.school,no,yes,no,cellular,apr,wed,201,2,999,0,nonexistent,-1.8,93.075,-47.1,1.445,5099.1,no
35,admin.,married,high.school,no,no,yes,telephone,may,mon,208,3,999,0,nonexistent,1.1,93.994,-36.4,4.857,5191.0,no
33,admin.,married,high.school,no,no,no,telephone,jun,mon,314,3,999,0,nonexistent,1.4,94.465,-41.8,4.96,5228.1,no
49,management,married,basic.4y,no,yes,no,telephone,may,thu,637,3,999,0,nonexistent,1.1,93.994,-36.4,4.86,5191.0,no
29,technician,married,university.degree,no,no,no,cellular,aug,wed,201,1,999,0,nonexistent,1.4,93.444,-36.1,4.965,5228.1,no
29,admin.,single,university.degree,no,yes,no,cellular,jul,wed,77,6,999,0,nonexistent,1.4,93.918,-42.7,4.957,5228.1,no
41,services,divorced,high.school,no,no,yes,cellular,jul,wed,72,2,999,0,nonexistent,1.4,93.918,-42.7,4.963,5228.1,no
39,blue-collar,single,basic.9y,no,yes,yes,cellular,may,mon,75,1,999,1,failure,-1.8,92.893,-46.2,1.299,5099.1,no
32,technician,married,high.school,no,yes,no,cellular,may,mon,329,3,999,0,nonexistent,-1.8,92.893,-46.2,1.299,5099.1,no
50,blue-collar,married,basic.4y,unknown,yes,no,cellular,aug,tue,164,1,999,0,nonexistent,1.4,93.444,-36.1,4.965,5228.1,no
34,technician,divorced,professional.course,no,yes,no,cellular,apr,fri,172,1,999,0,nonexistent,-1.8,93.075,-47.1,1.405,5099.1,no
47,admin.,married,professional.course,no,no,no,telephone,jun,mon,317,6,999,0,nonexistent,1.4,94.465,-41.8,4.865,5228.1,no
47,blue-collar,married,unknown,unknown,yes,no,cellular,aug,fri,310,3,999,0,nonexistent,1.4,93.444,-36.1,4.966,5228.1,no
31,technician,divorced,university.degree,no,no,yes,cellular,aug,fri,180,1,999,0,nonexistent,1.4,93.444,-36.1,4.963,5228.1,no
31,entrepreneur,married,basic.9y,unknown,no,no,telephone,may,fri,136,2,999,0,nonexistent,1.1,93.994,-36.4,4.855,5191.0,no
51,technician,married,basic.9y,unknown,no,no,cellular,jul,mon,116,3,999,0,nonexistent,1.4,93.918,-42.7,4.962,5228.1,no
38,entrepreneur,married,basic.9y,no,no,yes,telephone,jul,fri,129,4,999,0,nonexistent,1.4,93.918,-42.7,4.957,5228.1,no
33,admin.,married,university.degree,no,yes,no,cellular,aug,mon,702,1,999,0,nonexistent,1.4,93.444,-36.1,4.963,5228.1,no
33,blue-collar,single,basic.9y,no,no,no,telephone,may,tue,16,10,999,0,nonexistent,1.1,93.994,-36.4,4.856,5191.0,no
31,admin.,single,high.school,no,yes,no,cellular,nov,wed,242,1,999,0,nonexistent,-0.1,93.2,-42.0,4.12,5195.8,no
32,entrepreneur,single,basic.9y,no,no,no,cellular,nov,fri,84,2,999,0,nonexistent,-0.1,93.2,-42.0,4.021,5195.8,no
57,blue-collar,married,basic.9y,unknown,no,yes,cellular,nov,fri,150,2,999,0,nonexistent,-0.1,93.2,-42.0,4.021,5195.8,no
31,blue-collar,married,basic.9y,no,yes,no,cellular,jul,wed,72,1,999,0,nonexistent,1.4,93.918,-42.7,4.962,5228.1,no
27,blue-collar,single,basic.4y,no,no,yes,cellular,jul,thu,83,1,999,0,nonexistent,1.4,93.918,-42.7,4.968,5228.1,no
39,blue-collar,single,basic.4y,unknown,no,no,telephone,jul,thu,9,21,999,0,nonexistent,1.4,93.918,-42.7,4.968,5228.1,no
43,admin.,divorced,high.school,no,yes,no,telephone,may,fri,425,1,999,0,nonexistent,1.1,93.994,-36.4,4.857,5191.0,no
28,admin.,married,high.school,no,no,no,telephone,jul,tue,249,1,999,0,nonexistent,1.4,93.918,-42.7,4.955,5228.1,no
58,retired,divorced,university.degree,no,yes,no,telephone,may,mon,83,4,999,0,nonexistent,1.1,93.994,-36.4,4.858,5191.0,no
40,admin.,divorced,high.school,no,no,yes,cellular,jul,tue,270,5,999,0,nonexistent,1.4,93.918,-42.7,4.961,5228.1,no
33,unknown,married,unknown,unknown,yes,no,telephone,jun,wed,247,1,999,0,nonexistent,1.4,94.465,-41.8,4.958,5228.1,no
32,housemaid,married,basic.4y,no,no,no,telephone,may,thu,244,1,999,0,nonexistent,1.1,93.994,-36.4,4.86,5191.0,no
38,admin.,single,high.school,no,yes,no,cellular,sep,fri,113,1,999,1,failure,-3.4,92.379,-29.8,0.773,5017.5,no
51,technician,divorced,professional.course,no,no,no,cellular,apr,fri,579,2,999,0,nonexistent,-1.8,93.075,-47.1,1.479,5099.1,no
36,blue-collar,married,basic.6y,no,yes,no,telephone,may,thu,11,1,999,0,nonexistent,1.1,93.994,-36.4,4.855,5191.0,no
43,blue-collar,married,basic.4y,unknown,yes,no,telephone,may,wed,180,5,999,0,nonexistent,1.1,93.994,-36.4,4.856,5191.0,no
55,entrepreneur,married,professional.course,no,yes,no,cellular,nov,thu,45,2,999,1,failure,-0.1,93.2,-42.0,4.076,5195.8,no
35,blue-collar,single,basic.9y,no,yes,no,cellular,may,fri,134,2,999,0,nonexistent,-1.8,92.893,-46.2,1.25,5099.1,no
55,technician,married,university.degree,unknown,yes,no,cellular,aug,wed,150,2,999,0,nonexistent,1.4,93.444,-36.1,4.965,5228.1,no
45,technician,single,professional.course,no,yes,yes,cellular,mar,thu,143,2,999,0,nonexistent,-1.8,92.843,-50.0,1.538,5099.1,no
28,student,single,high.school,no,yes,yes,telephone,jun,wed,604,6,999,0,nonexistent,1.4,94.465,-41.8,4.962,5228.1,no
33,admin.,married,university.degree,no,no,no,telephone,may,thu,463,1,999,0,nonexistent,1.1,93.994,-36.4,4.86,5191.0,no
54,technician,married,high.school,no,no,no,telephone,jun,mon,77,5,999,0,nonexistent,1.4,94.465,-41.8,4.96,5228.1,no
27,admin.,single,university.degree,unknown,no,no,cellular,jul,mon,200,6,999,0,nonexistent,-1.7,94.215,-40.3,0.827,4991.6,no
24,student,single,professional.course,no,no,yes,cellular,oct,tue,133,3,999,2,failure,-1.1,94.601,-49.5,1.008,4963.6,no
54,admin.,single,university.degree,no,yes,no,cellular,may,mon,485,1,999,0,nonexistent,-1.8,92.893,-46.2,1.264,5099.1,no
43,blue-collar,married,basic.9y,no,no,no,telephone,may,wed,123,18,999,0,nonexistent,1.1,93.994,-36.4,4.857,5191.0,no
52,blue-collar,single,unknown,unknown,no,yes,cellular,jul,fri,137,11,999,0,nonexistent,1.4,93.918,-42.7,4.962,5228.1,no
31,technician,single,basic.9y,unknown,yes,yes,cellular,nov,wed,131,1,999,1,failure,-0.1,93.2,-42.0,4.12,5195.8,no
37,blue-collar,divorced,basic.9y,no,yes,yes,telephone,jun,mon,332,2,999,0,nonexistent,1.4,94.465,-41.8,4.961,5228.1,no
29,admin.,married,high.school,no,no,no,cellular,may,wed,54,1,999,1,failure,-1.8,92.893,-46.2,1.281,5099.1,no
42,admin.,married,university.degree,unknown,no,no,telephone,may,wed,96,1,999,0,nonexistent,1.1,93.994,-36.4,4.857,5191.0,no
33,self-employed,single,high.school,no,no,no,cellular,may,tue,141,1,999,0,nonexistent,-1.8,92.893,-46.2,1.291,5099.1,no
18,student,single,basic.9y,no,yes,no,cellular,aug,tue,642,1,999,0,nonexistent,-2.9,92.201,-31.4,0.884,5076.2,yes
52,technician,married,professional.course,no,yes,no,cellular,aug,tue,425,2,999,0,nonexistent,1.4,93.444,-36.1,4.968,5228.1,no
53,entrepreneur,married,university.degree,no,yes,no,cellular,jul,thu,302,1,999,0,nonexistent,1.4,93.918,-42.7,4.962,5228.1,no
33,blue-collar,married,basic.9y,no,no,no,telephone,may,tue,176,3,999,0,nonexistent,1.1,93.994,-36.4,4.856,5191.0,no
47,services,divorced,high.school,no,yes,no,telephone,may,thu,97,1,999,0,nonexistent,1.1,93.994,-36.4,4.86,5191.0,no
27,blue-collar,married,basic.9y,unknown,no,no,telephone,may,wed,151,2,999,0,nonexistent,1.1,93.994,-36.4,4.858,5191.0,no
49,technician,married,professional.course,unknown,yes,no,telephone,jun,wed,429,13,999,0,nonexistent,1.4,94.465,-41.8,4.962,5228.1,no
38,technician,married,professional.course,no,no,no,cellular,aug,fri,93,1,999,0,nonexistent,1.4,93.444,-36.1,4.966,5228.1,no
51,retired,married,professional.course,no,no,no,telephone,may,mon,118,3,999,0,nonexistent,1.1,93.994,-36.4,4.857,5191.0,no
29,technician,married,professional.course,no,no,no,cellular,may,fri,538,2,999,2,failure,-1.8,93.876,-40.0,0.699,5008.7,yes
43,admin.,married,university.degree,no,yes,no,cellular,nov,tue,255,1,999,0,nonexistent,-3.4,92.649,-30.1,0.715,5017.5,yes
32,blue-collar,married,basic.9y,no,no,no,cellular,apr,thu,583,1,5,1,success,-1.8,93.075,-47.1,1.41,5099.1,yes
34,admin.,single,high.school,no,no,no,cellular,nov,wed,347,1,999,0,nonexistent,-0.1,93.2,-42.0,4.12,5195.8,no
44,unknown,married,high.school,unknown,no,no,cellular,jul,tue,153,3,999,0,nonexistent,1.4,93.918,-42.7,4.961,5228.1,no
54,technician,divorced,professional.course,no,yes,yes,cellular,jul,tue,797,14,999,0,nonexistent,1.4,93.918,-42.7,4.961,5228.1,no
27,blue-collar,single,basic.4y,no,yes,no,cellular,apr,thu,191,2,999,1,failure,-1.8,93.075,-47.1,1.41,5099.1,no
59,admin.,married,university.degree,no,yes,no,telephone,may,fri,191,2,999,0,nonexistent,1.1,93.994,-36.4,4.855,5191.0,no
47,blue-collar,single,unknown,unknown,yes,no,cellular,jul,tue,213,5,999,0,nonexistent,1.4,93.918,-42.7,4.961,5228.1,no
46,admin.,married,university.degree,no,yes,no,telephone,jun,mon,502,5,999,0,nonexistent,1.4,94.465,-41.8,4.865,5228.1,yes
40,services,married,unknown,unknown,no,no,cellular,apr,mon,294,1,999,1,failure,-1.8,93.075,-47.1,1.466,5099.1,no
58,blue-collar,divorced,basic.4y,no,yes,no,cellular,jul,thu,158,1,999,0,nonexistent,1.4,93.918,-42.7,4.958,5228.1,no
34,technician,married,professional.course,no,no,no,cellular,aug,mon,126,2,999,0,nonexistent,1.4,93.444,-36.1,4.965,5228.1,no
25,blue-collar,single,basic.9y,no,yes,no,cellular,jul,mon,244,7,999,0,nonexistent,1.4,93.918,-42.7,4.962,5228.1,no
36,admin.,single,university.degree,no,yes,yes,cellular,jun,wed,1407,1,999,0,nonexistent,-1.7,94.055,-39.8,0.739,4991.6,yes
53,technician,divorced,high.school,no,yes,no,cellular,jul,tue,201,4,999,0,nonexistent,1.4,93.918,-42.7,4.961,5228.1,no
32,technician,married,university.degree,no,yes,no,cellular,nov,mon,105,1,999,0,nonexistent,-0.1,93.2,-42.0,4.191,5195.8,no
47,admin.,single,unknown,unknown,no,no,telephone,may,thu,127,1,999,0,nonexistent,1.1,93.994,-36.4,4.86,5191.0,no
38,blue-collar,married,basic.4y,no,yes,no,cellular,nov,mon,117,2,999,0,nonexistent,-0.1,93.2,-42.0,4.191,5195.8,no
32,admin.,single,high.school,no,no,no,cellular,jul,thu,147,3,999,0,nonexistent,1.4,93.918,-42.7,4.958,5228.1,no
31,blue-collar,married,basic.4y,unknown,no,yes,telephone,may,fri,241,1,999,0,nonexistent,1.1,93.994,-36.4,4.859,5191.0,no
19,student,single,unknown,no,unknown,unknown,cellular,apr,mon,213,3,999,0,nonexistent,-1.8,93.075,-47.1,1.405,5099.1,yes
43,services,married,high.school,no,yes,no,telephone,may,mon,241,2,999,0,nonexistent,1.1,93.994,-36.4,4.857,5191.0,no
52,management,divorced,university.degree,no,yes,no,cellular,nov,mon,89,2,999,1,failure,-0.1,93.2,-42.0,4.191,5195.8,no
51,admin.,divorced,university.degree,no,no,no,cellular,aug,fri,88,1,999,0,nonexistent,1.4,93.444,-36.1,4.966,5228.1,no
31,blue-collar,single,high.school,no,yes,no,cellular,jul,tue,101,4,999,0,nonexistent,1.4,93.918,-42.7,4.961,5228.1,no
30,student,single,unknown,no,no,no,cellular,jun,tue,205,3,999,0,nonexistent,-2.9,92.963,-40.8,1.206,5076.2,no
31,admin.,divorced,high.school,no,no,no,telephone,may,mon,246,1,999,0,nonexistent,1.1,93.994,-36.4,4.857,5191.0,no
52,unemployed,divorced,high.school,no,no,no,cellular,aug,tue,96,2,999,0,nonexistent,1.4,93.444,-36.1,4.965,5228.1,no
49,technician,married,professional.course,no,yes,yes,telephone,jul,mon,70,3,999,0,nonexistent,1.4,93.918,-42.7,4.96,5228.1,no
49,entrepreneur,married,university.degree,no,no,yes,cellular,apr,mon,281,2,999,0,nonexistent,-1.8,93.075,-47.1,1.405,5099.1,no
47,admin.,divorced,university.degree,unknown,no,no,cellular,nov,mon,213,2,999,0,nonexistent,-0.1,93.2,-42.0,4.191,5195.8,no
50,admin.,married,basic.9y,no,yes,yes,telephone,may,tue,112,2,999,0,nonexistent,1.1,93.994,-36.4,4.856,5191.0,no
62,admin.,married,university.degree,no,yes,no,cellular,aug,fri,116,1,999,0,nonexistent,-2.9,92.201,-31.4,0.849,5076.2,yes
38,management,married,basic.9y,unknown,no,no,telephone,may,fri,772,1,999,0,nonexistent,1.1,93.994,-36.4,4.855,5191.0,yes
35,admin.,single,high.school,no,yes,no,telephone,may,tue,78,3,999,0,nonexistent,1.1,93.994,-36.4,4.856,5191.0,no
33,admin.,divorced,university.degree,no,yes,no,telephone,may,wed,47,1,999,0,nonexistent,-1.8,92.893,-46.2,1.281,5099.1,no
36,admin.,married,university.degree,unknown,no,no,cellular,jul,fri,135,2,999,0,nonexistent,1.4,93.918,-42.7,4.963,5228.1,no
40,services,married,basic.6y,no,no,no,cellular,jul,mon,247,2,999,0,nonexistent,1.4,93.918,-42.7,4.962,5228.1,no
32,blue-collar,married,professional.course,no,no,no,telephone,may,thu,1119,1,999,0,nonexistent,1.1,93.994,-36.4,4.855,5191.0,yes
57,retired,married,basic.9y,no,no,no,cellular,aug,tue,22,27,999,0,nonexistent,1.4,93.444,-36.1,4.965,5228.1,no
46,admin.,single,university.degree,no,no,yes,cellular,may,mon,11,6,999,0,nonexistent,-1.8,92.893,-46.2,1.244,5099.1,no
33,technician,married,high.school,no,yes,no,cellular,aug,wed,129,1,999,0,nonexistent,1.4,93.444,-36.1,4.964,5228.1,no
50,admin.,married,university.degree,no,no,no,cellular,nov,mon,58,1,999,0,nonexistent,-0.1,93.2,-42.0,4.191,5195.8,no
31,admin.,married,high.school,no,yes,no,cellular,may,wed,14,1,999,0,nonexistent,-1.8,92.893,-46.2,1.281,5099.1,no
34,blue-collar,married,basic.6y,no,no,no,telephone,may,wed,20,8,999,0,nonexistent,1.1,93.994,-36.4,4.858,5191.0,no
32,technician,single,university.degree,no,no,no,telephone,may,fri,195,1,999,0,nonexistent,1.1,93.994,-36.4,4.855,5191.0,no
31,management,single,university.degree,no,yes,no,telephone,jun,tue,214,2,999,0,nonexistent,1.4,94.465,-41.8,4.864,5228.1,no
31,services,single,high.school,unknown,yes,no,telephone,may,thu,102,3,999,0,nonexistent,1.1,93.994,-36.4,4.86,5191.0,no
28,self-employed,single,university.degree,no,unknown,unknown,cellular,aug,wed,227,1,999,0,nonexistent,-2.9,92.201,-31.4,0.879,5076.2,no
40,blue-collar,married,high.school,no,no,no,cellular,apr,tue,245,8,999,0,nonexistent,-1.8,93.075,-47.1,1.453,5099.1,no
40,blue-collar,married,high.school,no,no,no,telephone,may,wed,1028,2,999,0,nonexistent,1.1,93.994,-36.4,4.859,5191.0,yes
46,blue-collar,married,basic.4y,unknown,yes,yes,telephone,may,wed,125,1,999,0,nonexistent,1.1,93.994,-36.4,4.857,5191.0,no
42,self-employed,divorced,professional.course,no,yes,no,cellular,nov,tue,491,2,999,0,nonexistent,-0.1,93.2,-42.0,4.153,5195.8,no
37,admin.,married,university.degree,unknown,yes,no,cellular,aug,tue,191,5,999,0,nonexistent,1.4,93.444,-36.1,4.966,5228.1,no
51,blue-collar,divorced,basic.9y,no,yes,no,cellular,may,wed,337,3,999,0,nonexistent,-1.8,92.893,-46.2,1.281,5099.1,no
41,services,married,high.school,no,no,no,cellular,mar,wed,377,6,999,0,nonexistent,-1.8,92.843,-50.0,1.778,5099.1,yes
58,retired,married,professional.course,unknown,no,no,telephone,nov,fri,28,1,999,0,nonexistent,-0.1,93.2,-42.0,4.021,5195.8,no
77,retired,divorced,unknown,no,yes,no,cellular,mar,tue,178,1,999,0,nonexistent,-1.8,92.843,-50.0,1.614,5099.1,yes
51,entrepreneur,married,professional.course,unknown,no,no,cellular,may,mon,295,1,999,1,failure,-1.8,92.893,-46.2,1.299,5099.1,no
35,admin.,married,high.school,unknown,no,no,cellular,jul,fri,114,1,999,0,nonexistent,1.4,93.918,-42.7,4.963,5228.1,no
35,self-employed,married,university.degree,no,no,no,cellular,jul,thu,109,3,999,0,nonexistent,1.4,93.918,-42.7,4.958,5228.1,no
33,self-employed,single,university.degree,no,no,no,telephone,may,thu,365,2,999,0,nonexistent,1.1,93.994,-36.4,4.86,5191.0,no
48,blue-collar,married,basic.9y,no,no,yes,cellular,may,fri,56,1,999,1,failure,-1.8,92.893,-46.2,1.25,5099.1,no
25,housemaid,single,basic.9y,no,no,no,telephone,may,fri,130,4,999,0,nonexistent,1.1,93.994,-36.4,4.859,5191.0,no
39,entrepreneur,single,university.degree,no,yes,no,telephone,jun,wed,58,1,999,0,nonexistent,-1.7,94.055,-39.8,0.727,4991.6,no
30,blue-collar,married,basic.6y,no,yes,yes,cellular,nov,thu,195,1,999,1,failure,-0.1,93.2,-42.0,4.076,5195.8,no
59,blue-collar,married,basic.4y,unknown,yes,no,telephone,jun,mon,64,1,999,0,nonexistent,1.4,94.465,-41.8,4.96,5228.1,no
33,blue-collar,single,basic.4y,no,yes,no,cellular,apr,mon,108,2,999,0,nonexistent,-1.8,93.075,-47.1,1.405,5099.1,no
35,admin.,divorced,university.degree,no,yes,no,telephone,jun,wed,399,2,999,0,nonexistent,1.4,94.465,-41.8,4.962,5228.1,no
43,admin.,married,basic.4y,no,yes,yes,telephone,jul,thu,119,8,999,0,nonexistent,1.4,93.918,-42.7,4.968,5228.1,no
45,self-employed,married,basic.6y,no,yes,no,cellular,aug,wed,100,1,999,0,nonexistent,1.4,93.444,-36.1,4.965,5228.1,no
38,technician,married,professional.course,no,yes,no,telephone,may,tue,233,2,999,0,nonexistent,1.1,93.994,-36.4,4.857,5191.0,no
53,unemployed,married,basic.6y,unknown,yes,no,cellular,jul,mon,131,3,999,0,nonexistent,1.4,93.918,-42.7,4.962,5228.1,no
30,unknown,married,university.degree,no,yes,no,cellular,aug,mon,183,2,999,0,nonexistent,1.4,93.444,-36.1,4.97,5228.1,no
53,services,married,high.school,no,yes,no,telephone,may,wed,413,6,999,0,nonexistent,-1.8,92.893,-46.2,1.281,5099.1,no
29,admin.,single,university.degree,no,yes,no,cellular,aug,tue,67,1,999,0,nonexistent,1.4,93.444,-36.1,4.968,5228.1,no
44,blue-collar,married,unknown,unknown,yes,no,telephone,may,tue,336,3,999,0,nonexistent,1.1,93.994,-36.4,4.857,5191.0,no
29,admin.,single,high.school,no,no,no,cellular,aug,thu,103,1,999,0,nonexistent,1.4,93.444,-36.1,4.964,5228.1,no
39,blue-collar,married,unknown,unknown,no,no,telephone,jul,wed,218,2,999,0,nonexistent,1.4,93.918,-42.7,4.956,5228.1,no
29,admin.,single,professional.course,no,no,no,cellular,apr,thu,427,3,999,0,nonexistent,-1.8,93.075,-47.1,1.365,5099.1,yes
23,admin.,single,high.school,no,no,no,cellular,may,mon,16,5,999,0,nonexistent,-1.8,92.893,-46.2,1.244,5099.1,no
38,blue-collar,married,basic.4y,no,no,no,cellular,may,wed,161,1,999,1,failure,-1.8,92.893,-46.2,1.334,5099.1,no
33,blue-collar,divorced,basic.4y,no,no,no,cellular,may,wed,86,3,999,0,nonexistent,-1.8,92.893,-46.2,1.281,5099.1,no
37,management,married,university.degree,no,no,no,cellular,apr,mon,352,1,999,0,nonexistent,-1.8,93.075,-47.1,1.405,5099.1,no
40,unemployed,divorced,high.school,no,no,yes,telephone,jun,thu,243,1,999,0,nonexistent,1.4,94.465,-41.8,4.866,5228.1,no
32,admin.,single,university.degree,no,no,no,telephone,may,mon,409,2,999,0,nonexistent,1.1,93.994,-36.4,4.857,5191.0,no
46,blue-collar,married,basic.4y,unknown,yes,no,cellular,aug,wed,1357,3,999,0,nonexistent,1.4,93.444,-36.1,4.967,5228.1,yes
44,blue-collar,single,basic.6y,no,no,yes,telephone,may,tue,73,6,999,0,nonexistent,1.1,93.994,-36.4,4.857,5191.0,no
39,management,married,university.degree,no,no,no,telephone,apr,tue,325,1,999,2,failure,-1.8,93.749,-34.6,0.646,5008.7,yes
76,management,married,unknown,no,no,no,cellular,sep,fri,113,1,999,0,nonexistent,-3.4,92.379,-29.8,0.803,5017.5,no
43,services,divorced,high.school,unknown,yes,no,cellular,apr,thu,303,1,999,1,failure,-1.8,93.075,-47.1,1.483,5099.1,no
45,blue-collar,married,basic.9y,unknown,no,no,telephone,jun,fri,924,3,999,0,nonexistent,1.4,94.465,-41.8,4.959,5228.1,yes
35,services,single,high.school,no,yes,yes,cellular,may,fri,94,1,999,0,nonexistent,-1.8,92.893,-46.2,1.313,5099.1,no
50,blue-collar,single,basic.4y,no,yes,no,telephone,may,mon,306,3,999,0,nonexistent,1.1,93.994,-36.4,4.857,5191.0,no
34,technician,married,professional.course,no,yes,yes,telephone,may,fri,224,3,999,0,nonexistent,1.1,93.994,-36.4,4.855,5191.0,no
51,blue-collar,married,basic.9y,unknown,no,no,cellular,may,fri,830,1,999,1,failure,-1.8,92.893,-46.2,1.25,5099.1,yes
51,admin.,married,basic.9y,unknown,yes,no,telephone,jun,fri,114,7,999,0,nonexistent,1.4,94.465,-41.8,4.967,5228.1,no
36,admin.,married,university.degree,no,no,yes,cellular,jul,wed,153,2,999,0,nonexistent,1.4,93.918,-42.7,4.962,5228.1,no
51,technician,married,professional.course,no,yes,no,cellular,aug,thu,291,1,999,0,nonexistent,1.4,93.444,-36.1,4.968,5228.1,no
52,management,married,university.degree,no,yes,yes,cellular,nov,mon,172,3,999,0,nonexistent,-0.1,93.2,-42.0,4.191,5195.8,no
30,technician,divorced,professional.course,no,yes,no,telephone,may,thu,366,1,999,0,nonexistent,1.1,93.994,-36.4,4.86,5191.0,no
36,technician,married,professional.course,no,no,no,telephone,jun,mon,183,1,999,0,nonexistent,1.4,94.465,-41.8,4.961,5228.1,no
25,admin.,single,high.school,no,no,no,cellular,jul,thu,449,2,999,0,nonexistent,-1.7,94.215,-40.3,0.81,4991.6,yes
34,technician,single,professional.course,unknown,yes,no,telephone,jul,fri,225,2,999,0,nonexistent,1.4,93.918,-42.7,4.959,5228.1,no
31,management,single,high.school,no,no,no,telephone,may,mon,114,3,999,0,nonexistent,1.1,93.994,-36.4,4.857,5191.0,no
32,admin.,married,university.degree,no,yes,no,cellular,may,mon,188,2,999,0,nonexistent,-1.8,92.893,-46.2,1.299,5099.1,no
24,admin.,single,professional.course,no,no,no,cellular,apr,mon,267,2,999,0,nonexistent,-1.8,93.075,-47.1,1.405,5099.1,yes
25,admin.,single,high.school,no,yes,no,cellular,jul,wed,202,1,999,0,nonexistent,1.4,93.918,-42.7,4.957,5228.1,no
50,blue-collar,married,basic.9y,unknown,yes,no,cellular,apr,thu,1285,2,999,1,failure,-1.8,93.075,-47.1,1.41,5099.1,no
26,technician,single,university.degree,no,yes,yes,cellular,jul,tue,105,2,999,0,nonexistent,-2.9,92.469,-33.6,0.908,5076.2,no
36,blue-collar,married,high.school,unknown,yes,no,telephone,may,mon,23,10,999,0,nonexistent,1.1,93.994,-36.4,4.857,5191.0,no
53,blue-collar,married,basic.6y,no,yes,yes,cellular,jul,tue,101,2,999,0,nonexistent,1.4,93.918,-42.7,4.961,5228.1,no
37,admin.,married,high.school,no,yes,no,telephone,jul,thu,29,14,999,0,nonexistent,1.4,93.918,-42.7,4.968,5228.1,no
57,services,divorced,high.school,unknown,no,yes,telephone,may,thu,185,2,999,0,nonexistent,1.1,93.994,-36.4,4.855,5191.0,no
38,admin.,single,university.degree,no,yes,yes,cellular,jul,thu,513,3,999,0,nonexistent,1.4,93.918,-42.7,4.962,5228.1,no
35,technician,single,university.degree,no,yes,no,cellular,jul,mon,118,4,999,0,nonexistent,1.4,93.918,-42.7,4.962,5228.1,no
37,technician,single,professional.course,no,no,no,telephone,may,thu,322,1,999,0,nonexistent,1.1,93.994,-36.4,4.86,5191.0,no
57,housemaid,divorced,basic.4y,no,yes,no,telephone,may,mon,293,1,999,0,nonexistent,1.1,93.994,-36.4,4.857,5191.0,no
34,services,married,high.school,no,yes,no,cellular,may,fri,320,3,999,1,failure,-1.8,92.893,-46.2,1.25,5099.1,no
42,admin.,married,university.degree,no,no,no,cellular,jun,thu,160,1,999,0,nonexistent,-2.9,92.963,-40.8,1.26,5076.2,yes
32,services,married,high.school,no,no,no,cellular,aug,wed,55,1,999,0,nonexistent,1.4,93.444,-36.1,4.964,5228.1,no
26,technician,single,professional.course,no,unknown,unknown,cellular,jul,wed,578,1,999,0,nonexistent,1.4,93.918,-42.7,4.957,5228.1,yes
53,admin.,married,high.school,unknown,no,no,cellular,jul,thu,61,1,999,0,nonexistent,1.4,93.918,-42.7,4.968,5228.1,no
34,blue-collar,married,basic.9y,no,no,yes,cellular,may,wed,439,1,999,0,nonexistent,-1.8,92.893,-46.2,1.334,5099.1,no
58,technician,divorced,basic.9y,no,no,no,cellular,nov,thu,178,1,999,0,nonexistent,-0.1,93.2,-42.0,4.076,5195.8,no
48,technician,married,university.degree,no,yes,no,cellular,aug,tue,64,1,999,0,nonexistent,1.4,93.444,-36.1,4.965,5228.1,no
55,blue-collar,married,professional.course,unknown,yes,yes,telephone,jun,mon,354,1,999,0,nonexistent,1.4,94.465,-41.8,4.865,5228.1,no
50,blue-collar,married,basic.4y,no,unknown,unknown,telephone,jun,thu,80,2,999,0,nonexistent,1.4,94.465,-41.8,4.866,5228.1,no
31,admin.,single,high.school,no,no,no,cellular,jun,wed,137,3,999,0,nonexistent,-2.9,92.963,-40.8,1.26,5076.2,no
44,self-employed,single,professional.course,no,no,no,cellular,may,mon,230,6,12,1,success,-1.8,92.893,-46.2,1.354,5099.1,no
28,management,married,university.degree,no,yes,no,telephone,jun,wed,695,1,999,0,nonexistent,1.4,94.465,-41.8,4.962,5228.1,yes
32,admin.,single,university.degree,unknown,yes,yes,cellular,aug,mon,128,2,999,0,nonexistent,1.4,93.444,-36.1,4.963,5228.1,no
51,unemployed,married,basic.4y,unknown,yes,no,telephone,may,thu,249,2,999,0,nonexistent,1.1,93.994,-36.4,4.86,5191.0,no
31,admin.,single,university.degree,no,yes,no,cellular,nov,thu,230,1,999,0,nonexistent,-0.1,93.2,-42.0,4.076,5195.8,no
36,entrepreneur,single,university.degree,no,yes,no,cellular,nov,wed,911,1,999,0,nonexistent,-0.1,93.2,-42.0,4.12,5195.8,yes
55,self-employed,married,basic.9y,no,yes,no,cellular,may,tue,604,1,999,0,nonexistent,-1.8,92.893,-46.2,1.344,5099.1,no
36,management,married,high.school,unknown,yes,no,cellular,nov,thu,371,1,999,0,nonexistent,-0.1,93.2,-42.0,4.076,5195.8,no
42,admin.,married,high.school,no,yes,no,cellular,nov,mon,131,1,999,0,nonexistent,-0.1,93.2,-42.0,4.191,5195.8,no
52,technician,single,professional.course,no,yes,no,cellular,aug,thu,365,5,999,0,nonexistent,1.4,93.444,-36.1,4.968,5228.1,no
56,admin.,married,basic.6y,no,yes,no,cellular,aug,mon,240,1,999,0,nonexistent,1.4,93.444,-36.1,4.97,5228.1,no
53,technician,married,professional.course,unknown,no,no,telephone,jun,fri,421,6,999,0,nonexistent,1.4,94.465,-41.8,4.959,5228.1,no
36,admin.,married,high.school,no,no,no,telephone,may,thu,263,3,999,0,nonexistent,1.1,93.994,-36.4,4.86,5191.0,no
40,management,married,basic.9y,no,yes,yes,telephone,jun,fri,162,1,999,0,nonexistent,1.4,94.465,-41.8,4.947,5228.1,no
44,admin.,married,university.degree,no,no,no,cellular,aug,mon,56,5,999,0,nonexistent,1.4,93.444,-36.1,4.965,5228.1,no
41,admin.,married,university.degree,no,no,no,telephone,may,mon,128,2,999,0,nonexistent,-1.8,93.876,-40.0,0.682,5008.7,no
29,blue-collar,married,high.school,no,yes,no,telephone,jul,wed,42,1,999,0,nonexistent,1.4,93.918,-42.7,4.962,5228.1,no
35,services,single,high.school,no,no,no,cellular,may,wed,234,3,999,0,nonexistent,-1.8,92.893,-46.2,1.281,5099.1,no
45,blue-collar,single,basic.9y,no,yes,yes,telephone,may,tue,347,6,999,0,nonexistent,1.1,93.994,-36.4,4.856,5191.0,no
29,admin.,single,university.degree,unknown,yes,no,cellular,aug,mon,129,3,999,0,nonexistent,1.4,93.444,-36.1,4.965,5228.1,no
30,unemployed,single,high.school,no,yes,no,cellular,sep,tue,75,1,999,1,failure,-3.4,92.379,-29.8,0.75,5017.5,no
32,blue-collar,single,high.school,no,no,no,telephone,jul,tue,480,8,999,0,nonexistent,1.4,93.918,-42.7,4.961,5228.1,no
40,self-employed,married,basic.4y,unknown,no,no,telephone,may,mon,58,3,999,0,nonexistent,1.1,93.994,-36.4,4.857,5191.0,no
33,admin.,married,high.school,no,no,no,cellular,apr,thu,113,2,999,1,failure,-1.8,93.075,-47.1,1.365,5099.1,no
43,retired,married,basic.9y,no,yes,no,cellular,jul,tue,284,3,999,0,nonexistent,1.4,93.918,-42.7,4.961,5228.1,no
37,blue-collar,divorced,basic.9y,unknown,yes,no,cellular,jul,thu,194,1,999,0,nonexistent,1.4,93.918,-42.7,4.962,5228.1,no
46,admin.,married,high.school,unknown,yes,no,telephone,jun,mon,96,6,999,0,nonexistent,1.4,94.465,-41.8,4.961,5228.1,no
56,management,married,university.degree,no,yes,no,cellular,jul,thu,122,1,999,0,nonexistent,1.4,93.918,-42.7,4.968,5228.1,no
47,technician,married,professional.course,no,no,no,telephone,may,tue,79,4,999,0,nonexistent,1.1,93.994,-36.4,4.857,5191.0,no
50,technician,single,university.degree,no,yes,no,cellular,aug,thu,178,5,999,0,nonexistent,1.4,93.444,-36.1,4.964,5228.1,no
36,services,single,unknown,no,yes,yes,telephone,jun,wed,116,7,999,0,nonexistent,1.4,94.465,-41.8,4.959,5228.1,no
30,student,single,professional.course,no,yes,no,cellular,jul,wed,334,4,999,2,failure,-1.7,94.215,-40.3,0.84,4991.6,yes
55,admin.,married,high.school,no,yes,no,cellular,apr,wed,140,3,999,1,failure,-1.8,93.075,-47.1,1.415,5099.1,no
26,self-employed,married,university.degree,no,no,no,telephone,may,thu,13,1,999,0,nonexistent,1.1,93.994,-36.4,4.86,5191.0,no
52,technician,married,professional.course,no,no,yes,cellular,jul,fri,163,2,999,0,nonexistent,1.4,93.918,-42.7,4.963,5228.1,no
42,services,single,high.school,no,yes,no,cellular,may,mon,36,2,999,0,nonexistent,-1.8,92.893,-46.2,1.244,5099.1,no
45,management,married,high.school,unknown,no,no,cellular,aug,wed,110,2,999,0,nonexistent,1.4,93.444,-36.1,4.964,5228.1,no
34,admin.,married,university.degree,no,no,no,telephone,may,tue,174,1,999,0,nonexistent,1.1,93.994,-36.4,4.856,5191.0,no
31,services,single,high.school,no,no,no,cellular,jul,thu,10,3,999,0,nonexistent,1.4,93.918,-42.7,4.968,5228.1,no
